-- 1) EMPLOYE
DROP TABLE IF EXISTS Employe;
CREATE TABLE Employe (
  CODE_EMPLOYE int NOT NULL,
  PRENOM_EMPLOYE varchar(30) DEFAULT NULL,
  NOM_EMPLOYE varchar(30) DEFAULT NULL,
  ETAT_CIVIL enum('Celibataire','Marié','Divorcé') DEFAULT NULL,
  MOT_DE_PASSE varchar(255) DEFAULT NULL,
  COURRIEL varchar(100) DEFAULT NULL,
  TELEPHONE varchar(20) DEFAULT NULL,
  ADRESSE varchar(100) DEFAULT NULL,
  DATE_NAISSANCE date DEFAULT NULL,
  SEXE enum('Homme','Femme') DEFAULT NULL,
  POSTE varchar(30) DEFAULT NULL
) ENGINE=InnoDB DEFAULT CHARSET=utf8mb4 COLLATE=utf8mb4_0900_ai_ci;

ALTER TABLE Employe
  ADD PRIMARY KEY (CODE_EMPLOYE),
  ADD UNIQUE KEY COURRIEL (COURRIEL);

-- 2) SERVICE
DROP TABLE IF EXISTS Service;
CREATE TABLE Service (
  ID_SERVICE int NOT NULL,
  NOM varchar(50) DEFAULT NULL,
  DESCRIPTION varchar(100) DEFAULT NULL,
  DUREE int DEFAULT NULL
) ENGINE=InnoDB DEFAULT CHARSET=utf8mb4 COLLATE=utf8mb4_0900_ai_ci;

ALTER TABLE Service
  ADD PRIMARY KEY (ID_SERVICE);

-- 3) PATIENT 
DROP TABLE IF EXISTS Patient;
CREATE TABLE Patient (
  COURRIEL varchar(30) NOT NULL,
  PRENOM_PATIENT varchar(30) DEFAULT NULL,
  NOM_PATIENT varchar(30) DEFAULT NULL,
  MOT_DE_PASSE varchar(255) DEFAULT NULL,
  NUM_TEL bigint DEFAULT NULL,
  NUM_CIVIQUE int DEFAULT NULL,
  RUE varchar(30) DEFAULT NULL,
  VILLE varchar(30) DEFAULT NULL,
  CODE_POSTAL varchar(15) DEFAULT NULL,
  NO_ASSURANCE_MALADIE varchar(20) DEFAULT NULL,
  DATE_NAISSANCE date DEFAULT NULL
) ENGINE=InnoDB DEFAULT CHARSET=utf8mb4 COLLATE=utf8mb4_0900_ai_ci;

ALTER TABLE Patient
  ADD PRIMARY KEY (COURRIEL);

-- 4) HORAIRE 
DROP TABLE IF EXISTS Horaire;
CREATE TABLE Horaire (
  ID_HORAIRE int NOT NULL,
  CODE_EMPLOYE int NOT NULL,
  HEURE_DEBUT time NOT NULL,
  HEURE_FIN time NOT NULL,
  JOURS varchar(50) NOT NULL
) ENGINE=InnoDB DEFAULT CHARSET=utf8mb4 COLLATE=utf8mb4_0900_ai_ci;

ALTER TABLE Horaire
  ADD PRIMARY KEY (ID_HORAIRE),
  ADD KEY FK_HORAIRE_EMP (CODE_EMPLOYE);

ALTER TABLE Horaire
  MODIFY ID_HORAIRE int NOT NULL AUTO_INCREMENT, AUTO_INCREMENT=10;

ALTER TABLE Horaire
  ADD CONSTRAINT FK_HORAIRE_EMP FOREIGN KEY (CODE_EMPLOYE) REFERENCES Employe (CODE_EMPLOYE) ON DELETE CASCADE;

-- 5) EXCEPTION_HORAIRE 
DROP TABLE IF EXISTS Exception_horaire;
CREATE TABLE Exception_horaire (
  ID_EXC INT NOT NULL AUTO_INCREMENT,
  CODE_EMPLOYE INT NOT NULL,
  DATE_DEBUT DATE NOT NULL,
  DATE_FIN DATE NOT NULL,
  TYPE_CONGE ENUM('CONGÉ','MALADIE') NOT NULL,
  STATUS ENUM('EN ATTENTE','APPROUVÉ','REJETÉ') NOT NULL DEFAULT 'EN ATTENTE',
  PRIMARY KEY (ID_EXC),
  FOREIGN KEY (CODE_EMPLOYE) REFERENCES Employe(CODE_EMPLOYE)
) ENGINE=InnoDB DEFAULT CHARSET=utf8mb4 COLLATE=utf8mb4_0900_ai_ci;

ALTER TABLE Exception_horaire
  ADD CONSTRAINT UQ_EXC_EMP_DATE UNIQUE (CODE_EMPLOYE, DATE_DEBUT);

ALTER TABLE Exception_horaire
  MODIFY ID_EXC int NOT NULL AUTO_INCREMENT, AUTO_INCREMENT=9;  

ALTER TABLE Exception_horaire
  ADD CONSTRAINT FK_EXC_EMP FOREIGN KEY (CODE_EMPLOYE) REFERENCES Employe (CODE_EMPLOYE) ON DELETE CASCADE;  

-- 6) RENDEZVOUS
DROP TABLE IF EXISTS Rendezvous;
CREATE TABLE Rendezvous (
  NUM_RDV int NOT NULL,
  CODE_EMPLOYE int NOT NULL,
  COURRIEL varchar(30) NOT NULL,
  JOUR date NOT NULL,
  HEURE time NOT NULL,
  DUREE int NOT NULL,
  ID_SERVICE int NOT NULL,
  NOTE_CONSULT varchar(255) DEFAULT NULL,
  STATUT enum('CONFIRMÉ','ANNULÉ','TERMINÉ','ATTENTE') NOT NULL DEFAULT 'CONFIRMÉ'
) ENGINE=InnoDB DEFAULT CHARSET=utf8mb4 COLLATE=utf8mb4_0900_ai_ci;

ALTER TABLE Rendezvous
  ADD PRIMARY KEY (NUM_RDV),
  ADD KEY FK_RV_EMP (CODE_EMPLOYE),
  ADD KEY FK_RV_PAT (COURRIEL),
  ADD KEY FK_RV_SVC (ID_SERVICE);

ALTER TABLE Rendezvous
  MODIFY NUM_RDV int NOT NULL AUTO_INCREMENT, AUTO_INCREMENT=69;

ALTER TABLE Rendezvous
  ADD CONSTRAINT FK_RV_EMP FOREIGN KEY (CODE_EMPLOYE) REFERENCES Employe (CODE_EMPLOYE) ON DELETE CASCADE,
  ADD CONSTRAINT FK_RV_PAT FOREIGN KEY (COURRIEL) REFERENCES Patient (COURRIEL) ON DELETE CASCADE,
  ADD CONSTRAINT FK_RV_SVC FOREIGN KEY (ID_SERVICE) REFERENCES Service (ID_SERVICE) ON DELETE RESTRICT;  


-- 7) DISPONIBILITE 
DROP TABLE IF EXISTS Disponibilite;
CREATE TABLE Disponibilite (
  ID_DISPONIBILITE int NOT NULL,
  CODE_EMPLOYE int NOT NULL,
  JOUR date NOT NULL,
  HEURE time NOT NULL,
  NUM_RDV int DEFAULT NULL,
  STATUT enum('DISPONIBLE','PAUSE','OCCUPÉ') NOT NULL
) ENGINE=InnoDB DEFAULT CHARSET=utf8mb4 COLLATE=utf8mb4_0900_ai_ci;

ALTER TABLE Disponibilite
  ADD PRIMARY KEY (ID_DISPONIBILITE),
  ADD KEY CODE_EMPLOYE (CODE_EMPLOYE),
  ADD KEY NUM_RDV (NUM_RDV);

ALTER TABLE Disponibilite
  MODIFY ID_DISPONIBILITE int NOT NULL AUTO_INCREMENT, AUTO_INCREMENT=679;

ALTER TABLE Disponibilite
  ADD CONSTRAINT disponibilite_ibfk_1 FOREIGN KEY (CODE_EMPLOYE) REFERENCES Employe (CODE_EMPLOYE),
  ADD CONSTRAINT disponibilite_ibfk_2 FOREIGN KEY (NUM_RDV) REFERENCES Rendezvous (NUM_RDV);



-- 8) SERVICEEMPLOYE 
DROP TABLE IF EXISTS ServiceEmploye;
CREATE TABLE ServiceEmploye (
  ID_SERVICE int NOT NULL,
  CODE_EMPLOYE int NOT NULL
) ENGINE=InnoDB DEFAULT CHARSET=utf8mb4 COLLATE=utf8mb4_0900_ai_ci;

ALTER TABLE ServiceEmploye
  ADD PRIMARY KEY (ID_SERVICE,CODE_EMPLOYE),
  ADD KEY CODE_EMPLOYE (CODE_EMPLOYE);

ALTER TABLE ServiceEmploye
  ADD CONSTRAINT serviceemploye_ibfk_1 FOREIGN KEY (ID_SERVICE) REFERENCES Service (ID_SERVICE),
  ADD CONSTRAINT serviceemploye_ibfk_2 FOREIGN KEY (CODE_EMPLOYE) REFERENCES Employe (CODE_EMPLOYE);



-- 9) JOURTRAVAIL
DROP TABLE IF EXISTS JourTravail;
CREATE TABLE JourTravail (
  CODE_EMPLOYE int NOT NULL,
  JOUR_SEMAINE tinyint NOT NULL
) ;

ALTER TABLE JourTravail
  ADD PRIMARY KEY (CODE_EMPLOYE,JOUR_SEMAINE);

ALTER TABLE JourTravail
  ADD CONSTRAINT jourtravail_ibfk_1 FOREIGN KEY (CODE_EMPLOYE) REFERENCES Employe (CODE_EMPLOYE) ON DELETE CASCADE ON UPDATE CASCADE;




-- 9) INSERTIONS 


INSERT INTO Employe (CODE_EMPLOYE, PRENOM_EMPLOYE, NOM_EMPLOYE, ETAT_CIVIL, MOT_DE_PASSE, COURRIEL, TELEPHONE, ADRESSE, DATE_NAISSANCE, SEXE, POSTE) 
VALUES
(100, 'Alice', 'Durand', 'Celibataire', '$2y$10$3Im0am0udfmf3dCjGlFDt.Jb1x4gDDn9D2sNJ7s29zxmU15Dpfqh2', 'alice.durand@example.com', '5141234567', '123 rue des Lilas', '1985-03-22', 'Femme', 'Médecin'),
(101, 'Jean', 'Dupont', NULL, '$2y$10$3Im0am0udfmf3dCjGlFDt.Jb1x4gDDn9D2sNJ7s29zxmU15Dpfqh2', 'jean.dupont@example.com', '5141234568', '456 rue des Érables', '1978-11-10', 'Homme', 'Médecin'),
(102, 'Monique', 'Jodoin', 'Celibataire', '$2y$10$3Im0am0udfmf3dCjGlFDt.Jb1x4gDDn9D2sNJ7s29zxmU15Dpfqh2', 'monique.jodoin@example.com', '5141234569', '789 rue des Pins', '1990-06-15', 'Femme', 'Médecin'),
(103, 'Wassim', 'Ouali', 'Celibataire', '$2y$10$3Im0am0udfmf3dCjGlFDt.Jb1x4gDDn9D2sNJ7s29zxmU15Dpfqh2', 'wassim@exemple.ca', '514 588 88 99', '7979 rue walabi', '2000-01-04', 'Homme', 'Médecin'),
(200, 'Bruno', 'Martin', NULL, '$2y$10$3Im0am0udfmf3dCjGlFDt.Jb1x4gDDn9D2sNJ7s29zxmU15Dpfqh2', 'bruno.martin@example.com', '5141234570', '321 rue Ontario', '1982-02-05', 'Homme', 'Infirmier'),
(201, 'Isabelle', 'Langlois', 'Celibataire', '$2y$10$3Im0am0udfmf3dCjGlFDt.Jb1x4gDDn9D2sNJ7s29zxmU15Dpfqh2', 'isabelle.langlois@example.com', '5141234571', '654 rue Mont-Royal', '1992-09-18', 'Femme', 'Infirmier'),
(202, 'Dominic', 'Dublois', 'Celibataire', '$2y$10$3Im0am0udfmf3dCjGlFDt.Jb1x4gDDn9D2sNJ7s29zxmU15Dpfqh2', 'dominic.dublois@example.com', '5141234572', '987 rue Sherbrooke', '1988-12-03', 'Homme', 'Infirmier'),
(300, 'Claire', 'Moreau', NULL, '$2y$10$3Im0am0udfmf3dCjGlFDt.Jb1x4gDDn9D2sNJ7s29zxmU15Dpfqh2', 'claire.moreau@example.com', '5141234573', '135 rue Papineau', '1980-07-25', 'Femme', 'Secrétaire'),
(400, 'George', 'Smith', 'Divorcé', '$2y$10$3Im0am0udfmf3dCjGlFDt.Jb1x4gDDn9D2sNJ7s29zxmU15Dpfqh2', 'george.smith@example.com', '5141234575', '369 rue Berri', '1975-01-30', 'Femme', 'Administrateur');


INSERT INTO Service (ID_SERVICE, NOM, DESCRIPTION, DUREE) 
VALUES
(1, 'Consultation générale', 'Évaluation de santé pour tout problème courant', 40),
(2, 'Suivi de grossesse', 'Suivi médical de grossesse', 40),
(3, 'Suivi de maladies chroniques', 'Contrôle régulier (diabète, hypertension, etc.)', 60),
(4, 'Dépistage ITSS', 'Tests pour infections transmissibles (ITSS)', 20),
(5, 'Vaccination', 'Vaccin de routine, voyage ou saisonnier', 20),
(6, 'Prélèvement sanguin / test urinaire', 'Prise de sang ou test urinaire', 20),
(7, 'Urgence mineure', 'Blessures légères, infections, douleurs modérées', 40);


INSERT INTO Patient (COURRIEL, PRENOM_PATIENT, NOM_PATIENT, MOT_DE_PASSE, NUM_TEL, NUM_CIVIQUE, RUE, VILLE, CODE_POSTAL, NO_ASSURANCE_MALADIE, DATE_NAISSANCE) 
VALUES
('alexandre.robert@example.com', 'Alexandre', 'Robert', 'Ar5#Yn9FkL', 8194455667, 76, 'chemin des Érables', 'Gatineau', 'J8Y6N7', 'RAMQ00112233', '1986-08-19'),
('amanda.boudreau@example.com', 'Amanda', 'Boudreau', 'Ab7$Vn2PrT', 8194567890, 88, 'rue Wellington', 'Sherbrooke', 'J1H5R4', 'RAMQ66778899', '1999-03-22'),
('ana@example.com', 'Ana', 'Lefebvre', 'Aq4#Mn5TjP', 4387654321, 55, 'rue Sainte-Catherine', 'Laval', 'H7N4A2', 'RAMQ98765432', '1988-11-30'),
('antoine.lavoie@example.com', 'Antoine', 'Lavoie', 'Al5%Rc2FnT', 4507654321, 15, 'avenue Papineau', 'Laval', 'H7N2L1', 'RAMQ33445566', '1985-01-20'),
('celine.durand@example.com', 'Céline', 'Durand', 'Cd5*Kp1JnV', 4387788990, 19, 'boulevard René-Lévesque', 'Québec', 'G1R2V3', 'RAMQ33442255', '1989-07-23'),
('claire@example.com', 'Claire', 'Bélanger', 'Cq2&Jm8ZrY', 4384567890, 27, '321 chemin des Érables', 'Longueuil', 'J4N6B9', 'RAMQ56789012', '1998-05-30'),
('david@example.com', 'David', 'Roy', 'Dx9%Rc1LpN', 8193456789, 42, '789 boulevard Mercure', 'Saguenay', 'G7H4B2', 'RAMQ45678901', '1983-12-02'),
('eric@example.com', 'Éric', 'Fortin', 'Er6@Vb3XkU', 4505678901, 50, '12 rue du Lac', 'Gatineau', 'J8Y3K4', 'RAMQ67890123', '1975-09-10'),
('isabelle@example.com', 'Isabelle', 'Martin', 'In4$Bm9RzY', 4508901234, 45, '56 rue Principale', 'Shawinigan', 'G9N5L8', 'RAMQ90123456', '1980-10-28'),
('julie.bernard@example.com', 'Julie', 'Bernard', 'Jb1!Qw6KlM', 4388765432, 250, 'boulevard René-Lévesque', 'Québec', 'G1R5V2', 'RAMQ22334455', '1992-09-05'),
('karine.blais@example.com', 'Karine', 'Blais', 'Kb2$Wm8HpT', 4185566778, 48, 'rue du Marché', 'Trois-Rivières', 'G8Z2L8', 'RAMQ11220033', '1993-11-11'),
('kevin.dumont@example.com', 'Kevin', 'Dumont', 'Kd3#Yl8WpN', 4183456789, 50, 'rue des Forges', 'Trois-Rivières', 'G8Z1K3', 'RAMQ55667788', '1988-12-10'),
('leo@example.com', 'Léo', 'Dubois', 'Ln8@Xf2RmS', 5141234567, 100, 'rue Ontario', 'Montréal', 'H2K3K4', 'RAMQ12345678', '1995-06-15'),
('lucie.morel@example.com', 'Lucie', 'Morel', 'Lm9@Qt4BhS', 5141122334, 110, 'rue Beaubien', 'Montréal', 'H2V3R4', 'RAMQ77889900', '1982-02-14'),
('marc@example.com', 'Marc', 'Tremblay', 'Mv3!Kz7BhQ', 4509876543, 29, '1234 rue des Fleurs', 'Québec', 'G1X0A1', 'RAMQ23456789', '1996-03-22'),
('marie-claude.leblanc@example.c', 'Marie-Claude', 'Leblanc', 'Mc2&Zd7XpK', 8196543210, 300, 'chemin Sainte-Foy', 'Gatineau', 'J8T4B5', 'RAMQ44556677', '1970-07-30'),
('marie@example.com', 'Marie', 'Tremblay', 'Mk7*Ga4QsT', 4186789012, 38, '85 rue de la Commune', 'Québec', 'G1K3M2', 'RAMQ78901234', '1987-11-05'),
('olivier.perreault@example.com', 'Olivier', 'Perreault', 'Or8@Vt2ZlQ', 4508899001, 57, 'rue Notre-Dame', 'Longueuil', 'J4K5B2', 'RAMQ44553366', '1981-01-30'),
('paul.gagnon@example.com', 'Paul', 'Gagnon', 'Pu8&Tx2ZdR', 5149876543, 120, 'rue Saint-Denis', 'Montréal', 'H2X2L4', 'RAMQ11223344', '1978-04-12'),
('philippe.leblanc@example.com', 'Philippe', 'LeBlanc', 'Pl7&Qz3RmX', 5146677889, 102, 'avenue Laval', 'Montréal', 'H3A1T9', 'RAMQ22331144', '1975-03-05'),
('pierre.fortin@example.com', 'Pierre', 'Fortin', 'Pf4%Xc1JkV', 4382233445, 210, 'avenue des Pins', 'Québec', 'G1P4K5', 'RAMQ88990011', '1979-05-27'),
('sophie.girard@example.com', 'Sophie', 'Girard', 'Sg6!Zm3LpQ', 4503344556, 33, 'boulevard Talbot', 'Laval', 'H7L5M6', 'RAMQ99001122', '1990-12-02'),
('sophie@example.com', 'Sophie', 'Gagnon', 'Sp5$Ty6GdW', 5142345678, 34, '56 avenue du Parc', 'Montréal', 'H3A2J1', 'RAMQ34567890', '1991-08-15'),
('yannick@example.com', 'Yannick', 'Boucher', 'Yk3#Pl7SdN', 5147890123, 31, '998 avenue Saint-Jean', 'Montréal', 'H4C2J7', 'RAMQ89012345', '1993-07-19');


INSERT INTO Horaire (ID_HORAIRE, CODE_EMPLOYE, HEURE_DEBUT, HEURE_FIN, JOURS) 
VALUES
(1, 100, '10:00:00', '15:00:00', 'Lundi, Mardi, Jeudi, Vendredi'),
(2, 101, '09:00:00', '16:00:00', 'Lundi, Mercredi, Vendredi'),
(3, 102, '09:00:00', '16:00:00', 'Mardi, Mercredi, Jeudi'),
(4, 200, '08:00:00', '17:00:00', 'Lundi, Mardi, Mercredi, Jeudi, Vendredi'),
(5, 201, '08:00:00', '17:00:00', 'Lundi, Mardi, Mercredi, Jeudi, Vendredi'),
(6, 202, '08:00:00', '17:00:00', 'Lundi, Mardi, Mercredi, Jeudi, Vendredi'),
(7, 300, '08:00:00', '17:00:00', 'Lundi, Mardi, Mercredi, Jeudi, Vendredi'),



INSERT INTO Exception_horaire (ID_EXC, CODE_EMPLOYE, DATE_DEBUT, DATE_FIN, TYPE_CONGE, STATUS) 
VALUES
(1, 100, '2025-08-01', '2025-08-07', 'CONGÉ', 'APPROUVÉ'),
(2, 101, '2025-08-10', '2025-08-10', 'CONGÉ', 'APPROUVÉ'),
(3, 102, '2025-08-07', '2025-08-25', 'CONGÉ', 'REJETÉ'),
(4, 200, '2025-08-12', '2025-08-14', 'CONGÉ', 'REJETÉ'),
(5, 201, '2025-08-20', '2025-08-27', 'CONGÉ', 'EN ATTENTE'),
(6, 202, '2025-09-19', '2025-09-26', 'CONGÉ', 'EN ATTENTE'),
(7, 300, '2025-11-14', '2025-11-18', 'CONGÉ', 'EN ATTENTE');


INSERT INTO Rendezvous (NUM_RDV, CODE_EMPLOYE, COURRIEL, JOUR, HEURE, DUREE, ID_SERVICE, NOTE_CONSULT, STATUT) 
VALUES
(1, 101, 'celine.durand@example.com', '2025-08-04', '09:00:00', 20, 1, '', 'CONFIRMÉ'),
(2, 200, 'marc@example.com', '2025-08-04', '15:00:00', 20, 6, '', 'CONFIRMÉ'),
(3, 202, 'david@example.com', '2025-08-04', '13:40:00', 20, 7, '', 'CONFIRMÉ'),
(4, 200, 'pierre.fortin@example.com', '2025-08-01', '09:40:00', 20, 7, '', 'CONFIRMÉ');



INSERT INTO Disponibilite (ID_DISPONIBILITE, CODE_EMPLOYE, JOUR, HEURE, NUM_RDV, STATUT) 
VALUES

(46, 101, '2025-08-04', '09:00:00', 1, 'OCCUPÉ'),
(47, 101, '2025-08-04', '09:20:00', NULL, 'DISPONIBLE'),
(48, 101, '2025-08-04', '09:40:00', NULL, 'DISPONIBLE'),
(49, 101, '2025-08-04', '10:00:00', NULL, 'DISPONIBLE'),
(50, 101, '2025-08-04', '10:20:00', NULL, 'DISPONIBLE'),
(51, 101, '2025-08-04', '10:40:00', NULL, 'DISPONIBLE'),
(52, 101, '2025-08-04', '11:00:00', NULL, 'DISPONIBLE'),
(53, 101, '2025-08-04', '11:20:00', NULL, 'DISPONIBLE'),
(55, 101, '2025-08-04', '12:00:00', NULL, 'DISPONIBLE'),
(56, 101, '2025-08-04', '12:20:00', NULL, 'DISPONIBLE'),
(57, 101, '2025-08-04', '12:40:00', NULL, 'DISPONIBLE'),
(58, 101, '2025-08-04', '13:00:00', NULL, 'DISPONIBLE'),
(59, 101, '2025-08-04', '13:20:00', NULL, 'DISPONIBLE'),
(60, 101, '2025-08-04', '13:40:00', NULL, 'DISPONIBLE'),
(61, 101, '2025-08-04', '14:00:00', NULL, 'DISPONIBLE'),
(62, 101, '2025-08-04', '14:20:00', NULL, 'DISPONIBLE'),
(64, 101, '2025-08-04', '15:00:00', 2, 'OCCUPÉ'),
(65, 101, '2025-08-04', '15:20:00', NULL, 'DISPONIBLE'),
(66, 101, '2025-08-04', '15:40:00', NULL, 'DISPONIBLE'),
(67, 101, '2025-08-06', '09:00:00', NULL, 'DISPONIBLE'),
(68, 101, '2025-08-06', '09:20:00', NULL, 'DISPONIBLE'),
(69, 101, '2025-08-06', '09:40:00', NULL, 'DISPONIBLE'),
(70, 101, '2025-08-06', '10:00:00', NULL, 'DISPONIBLE'),
(71, 101, '2025-08-06', '10:20:00', NULL, 'DISPONIBLE'),
(72, 101, '2025-08-06', '10:40:00', NULL, 'DISPONIBLE'),
(73, 101, '2025-08-06', '11:00:00', NULL, 'DISPONIBLE'),
(74, 101, '2025-08-06', '11:20:00', NULL, 'DISPONIBLE'),
(76, 101, '2025-08-06', '12:00:00', NULL, 'DISPONIBLE'),
(77, 101, '2025-08-06', '12:20:00', NULL, 'DISPONIBLE'),
(78, 101, '2025-08-06', '12:40:00', NULL, 'DISPONIBLE'),
(79, 101, '2025-08-06', '13:00:00', NULL, 'DISPONIBLE'),
(80, 101, '2025-08-06', '13:20:00', NULL, 'DISPONIBLE'),
(81, 101, '2025-08-06', '13:40:00', NULL, 'DISPONIBLE'),
(82, 101, '2025-08-06', '14:00:00', NULL, 'DISPONIBLE'),
(83, 101, '2025-08-06', '14:20:00', NULL, 'DISPONIBLE'),
(85, 101, '2025-08-06', '15:00:00', NULL, 'DISPONIBLE'),
(86, 101, '2025-08-06', '15:20:00', NULL, 'DISPONIBLE'),
(87, 101, '2025-08-06', '15:40:00', NULL, 'DISPONIBLE'),
(88, 101, '2025-08-01', '09:00:00', NULL, 'DISPONIBLE'),
(89, 101, '2025-08-01', '09:20:00', NULL, 'DISPONIBLE'),
(90, 101, '2025-08-01', '09:40:00', NULL, 'DISPONIBLE'),
(91, 101, '2025-08-01', '10:00:00', NULL, 'DISPONIBLE'),
(92, 101, '2025-08-01', '10:20:00', NULL, 'DISPONIBLE'),
(93, 101, '2025-08-01', '10:40:00', NULL, 'DISPONIBLE'),
(94, 101, '2025-08-01', '11:00:00', NULL, 'DISPONIBLE'),
(95, 101, '2025-08-01', '11:20:00', NULL, 'DISPONIBLE'),
(97, 101, '2025-08-01', '12:00:00', NULL, 'DISPONIBLE'),
(98, 101, '2025-08-01', '12:20:00', NULL, 'DISPONIBLE'),
(99, 101, '2025-08-01', '12:40:00', NULL, 'DISPONIBLE'),
(100, 101, '2025-08-01', '13:00:00', NULL, 'DISPONIBLE'),
(101, 101, '2025-08-01', '13:20:00', NULL, 'DISPONIBLE'),
(102, 101, '2025-08-01', '13:40:00', NULL, 'DISPONIBLE'),
(103, 101, '2025-08-01', '14:00:00', NULL, 'DISPONIBLE'),
(104, 101, '2025-08-01', '14:20:00', NULL, 'DISPONIBLE'),
(106, 101, '2025-08-01', '15:00:00', NULL, 'DISPONIBLE'),
(107, 101, '2025-08-01', '15:20:00', NULL, 'DISPONIBLE'),
(108, 101, '2025-08-01', '15:40:00', NULL, 'DISPONIBLE'),
(109, 102, '2025-08-05', '09:00:00', NULL, 'DISPONIBLE'),
(110, 102, '2025-08-05', '09:20:00', NULL, 'DISPONIBLE'),
(111, 102, '2025-08-05', '09:40:00', NULL, 'DISPONIBLE'),
(112, 102, '2025-08-05', '10:00:00', NULL, 'DISPONIBLE'),
(113, 102, '2025-08-05', '10:20:00', NULL, 'DISPONIBLE'),
(114, 102, '2025-08-05', '10:40:00', NULL, 'DISPONIBLE'),
(115, 102, '2025-08-05', '11:00:00', NULL, 'DISPONIBLE'),
(116, 102, '2025-08-05', '11:20:00', NULL, 'DISPONIBLE'),
(118, 102, '2025-08-05', '12:00:00', NULL, 'DISPONIBLE'),
(119, 102, '2025-08-05', '12:20:00', NULL, 'DISPONIBLE'),
(120, 102, '2025-08-05', '12:40:00', NULL, 'DISPONIBLE'),
(121, 102, '2025-08-05', '13:00:00', NULL, 'DISPONIBLE'),
(122, 102, '2025-08-05', '13:20:00', NULL, 'DISPONIBLE'),
(123, 102, '2025-08-05', '13:40:00', NULL, 'DISPONIBLE'),
(124, 102, '2025-08-05', '14:00:00', NULL, 'DISPONIBLE'),
(125, 102, '2025-08-05', '14:20:00', NULL, 'DISPONIBLE'),
(127, 102, '2025-08-05', '15:00:00', NULL, 'DISPONIBLE'),
(128, 102, '2025-08-05', '15:20:00', NULL, 'DISPONIBLE'),
(129, 102, '2025-08-05', '15:40:00', NULL, 'DISPONIBLE'),
(130, 102, '2025-08-06', '09:00:00', NULL, 'DISPONIBLE'),
(131, 102, '2025-08-06', '09:20:00', NULL, 'DISPONIBLE'),
(132, 102, '2025-08-06', '09:40:00', NULL, 'DISPONIBLE'),
(133, 102, '2025-08-06', '10:00:00', NULL, 'DISPONIBLE'),
(134, 102, '2025-08-06', '10:20:00', NULL, 'DISPONIBLE'),
(135, 102, '2025-08-06', '10:40:00', NULL, 'DISPONIBLE'),
(136, 102, '2025-08-06', '11:00:00', NULL, 'DISPONIBLE'),
(137, 102, '2025-08-06', '11:20:00', NULL, 'DISPONIBLE'),
(139, 102, '2025-08-06', '12:00:00', NULL, 'DISPONIBLE'),
(140, 102, '2025-08-06', '12:20:00', NULL, 'DISPONIBLE'),
(141, 102, '2025-08-06', '12:40:00', NULL, 'DISPONIBLE'),
(142, 102, '2025-08-06', '13:00:00', NULL, 'DISPONIBLE'),
(143, 102, '2025-08-06', '13:20:00', NULL, 'DISPONIBLE'),
(144, 102, '2025-08-06', '13:40:00', NULL, 'DISPONIBLE'),
(145, 102, '2025-08-06', '14:00:00', NULL, 'DISPONIBLE'),
(146, 102, '2025-08-06', '14:20:00', NULL, 'DISPONIBLE'),
(148, 102, '2025-08-06', '15:00:00', NULL, 'DISPONIBLE'),
(149, 102, '2025-08-06', '15:20:00', NULL, 'DISPONIBLE'),
(150, 102, '2025-08-06', '15:40:00', NULL, 'DISPONIBLE'),
(151, 200, '2025-08-04', '08:00:00', NULL, 'DISPONIBLE'),
(152, 200, '2025-08-04', '08:20:00', NULL, 'DISPONIBLE'),
(153, 200, '2025-08-04', '08:40:00', NULL, 'DISPONIBLE'),
(154, 200, '2025-08-04', '09:00:00', NULL, 'DISPONIBLE'),
(155, 200, '2025-08-04', '09:20:00', NULL, 'DISPONIBLE'),
(156, 200, '2025-08-04', '09:40:00', NULL, 'DISPONIBLE'),
(157, 200, '2025-08-04', '10:00:00', NULL, 'DISPONIBLE'),
(158, 200, '2025-08-04', '10:20:00', NULL, 'DISPONIBLE'),
(159, 200, '2025-08-04', '10:40:00', NULL, 'DISPONIBLE'),
(160, 200, '2025-08-04', '11:00:00', NULL, 'DISPONIBLE'),
(161, 200, '2025-08-04', '11:20:00', NULL, 'DISPONIBLE'),
(162, 200, '2025-08-04', '11:40:00', NULL, 'DISPONIBLE'),
(166, 200, '2025-08-04', '13:00:00', NULL, 'DISPONIBLE'),
(167, 200, '2025-08-04', '13:20:00', NULL, 'DISPONIBLE'),
(168, 200, '2025-08-04', '13:40:00', 3, 'OCCUPÉ'),
(169, 200, '2025-08-04', '14:00:00', NULL, 'DISPONIBLE'),
(170, 200, '2025-08-04', '14:20:00', NULL, 'DISPONIBLE'),
(171, 200, '2025-08-04', '14:40:00', NULL, 'DISPONIBLE'),
(172, 200, '2025-08-04', '15:00:00', NULL, 'DISPONIBLE'),
(173, 200, '2025-08-04', '15:20:00', NULL, 'DISPONIBLE'),
(174, 200, '2025-08-04', '15:40:00', NULL, 'DISPONIBLE'),
(175, 200, '2025-08-04', '16:00:00', NULL, 'DISPONIBLE'),
(176, 200, '2025-08-04', '16:20:00', NULL, 'DISPONIBLE'),
(177, 200, '2025-08-04', '16:40:00', NULL, 'DISPONIBLE'),
(178, 200, '2025-08-05', '08:00:00', NULL, 'DISPONIBLE'),
(179, 200, '2025-08-05', '08:20:00', NULL, 'DISPONIBLE'),
(180, 200, '2025-08-05', '08:40:00', NULL, 'DISPONIBLE'),
(181, 200, '2025-08-05', '09:00:00', NULL, 'DISPONIBLE'),
(182, 200, '2025-08-05', '09:20:00', NULL, 'DISPONIBLE'),
(183, 200, '2025-08-05', '09:40:00', NULL, 'DISPONIBLE'),
(184, 200, '2025-08-05', '10:00:00', NULL, 'DISPONIBLE'),
(185, 200, '2025-08-05', '10:20:00', NULL, 'DISPONIBLE'),
(186, 200, '2025-08-05', '10:40:00', NULL, 'DISPONIBLE'),
(187, 200, '2025-08-05', '11:00:00', NULL, 'DISPONIBLE'),
(188, 200, '2025-08-05', '11:20:00', NULL, 'DISPONIBLE'),
(189, 200, '2025-08-05', '11:40:00', NULL, 'DISPONIBLE'),
(194, 200, '2025-08-05', '13:20:00', NULL, 'DISPONIBLE'),
(195, 200, '2025-08-05', '13:40:00', NULL, 'DISPONIBLE'),
(196, 200, '2025-08-05', '14:00:00', NULL, 'DISPONIBLE'),
(197, 200, '2025-08-05', '14:20:00', NULL, 'DISPONIBLE'),
(198, 200, '2025-08-05', '14:40:00', NULL, 'DISPONIBLE'),
(199, 200, '2025-08-05', '15:00:00', NULL, 'DISPONIBLE'),
(200, 200, '2025-08-05', '15:20:00', NULL, 'DISPONIBLE'),
(201, 200, '2025-08-05', '15:40:00', NULL, 'DISPONIBLE'),
(202, 200, '2025-08-05', '16:00:00', NULL, 'DISPONIBLE'),
(203, 200, '2025-08-05', '16:20:00', NULL, 'DISPONIBLE'),
(204, 200, '2025-08-05', '16:40:00', NULL, 'DISPONIBLE'),
(205, 200, '2025-08-06', '08:00:00', NULL, 'DISPONIBLE'),
(206, 200, '2025-08-06', '08:20:00', NULL, 'DISPONIBLE'),
(207, 200, '2025-08-06', '08:40:00', NULL, 'DISPONIBLE'),
(208, 200, '2025-08-06', '09:00:00', NULL, 'DISPONIBLE'),
(209, 200, '2025-08-06', '09:20:00', NULL, 'DISPONIBLE'),
(210, 200, '2025-08-06', '09:40:00', NULL, 'DISPONIBLE'),
(211, 200, '2025-08-06', '10:00:00', NULL, 'DISPONIBLE'),
(212, 200, '2025-08-06', '10:20:00', NULL, 'DISPONIBLE'),
(213, 200, '2025-08-06', '10:40:00', NULL, 'DISPONIBLE'),
(214, 200, '2025-08-06', '11:00:00', NULL, 'DISPONIBLE'),
(215, 200, '2025-08-06', '11:20:00', NULL, 'DISPONIBLE'),
(216, 200, '2025-08-06', '11:40:00', NULL, 'DISPONIBLE'),
(220, 200, '2025-08-06', '13:00:00', NULL, 'DISPONIBLE'),
(221, 200, '2025-08-06', '13:20:00', NULL, 'DISPONIBLE'),
(222, 200, '2025-08-06', '13:40:00', NULL, 'DISPONIBLE'),
(223, 200, '2025-08-06', '14:00:00', NULL, 'DISPONIBLE'),
(224, 200, '2025-08-06', '14:20:00', NULL, 'DISPONIBLE'),
(225, 200, '2025-08-06', '14:40:00', NULL, 'DISPONIBLE'),
(226, 200, '2025-08-06', '15:00:00', NULL, 'DISPONIBLE'),
(227, 200, '2025-08-06', '15:20:00', NULL, 'DISPONIBLE'),
(228, 200, '2025-08-06', '15:40:00', NULL, 'DISPONIBLE'),
(229, 200, '2025-08-06', '16:00:00', NULL, 'DISPONIBLE'),
(230, 200, '2025-08-06', '16:20:00', NULL, 'DISPONIBLE'),
(231, 200, '2025-08-06', '16:40:00', NULL, 'DISPONIBLE'),
(232, 200, '2025-08-01', '08:00:00', NULL, 'DISPONIBLE'),
(233, 200, '2025-08-01', '08:20:00', NULL, 'DISPONIBLE'),
(234, 200, '2025-08-01', '08:40:00', NULL, 'DISPONIBLE'),
(235, 200, '2025-08-01', '09:00:00', NULL, 'DISPONIBLE'),
(236, 200, '2025-08-01', '09:20:00', NULL, 'DISPONIBLE'),
(237, 200, '2025-08-01', '09:40:00', 4, 'OCCUPÉ'),
(238, 200, '2025-08-01', '10:00:00', NULL, 'DISPONIBLE'),
(239, 200, '2025-08-01', '10:20:00', NULL, 'DISPONIBLE'),
(240, 200, '2025-08-01', '10:40:00', NULL, 'DISPONIBLE'),
(241, 200, '2025-08-01', '11:00:00', NULL, 'DISPONIBLE'),
(242, 200, '2025-08-01', '11:20:00', NULL, 'DISPONIBLE'),
(243, 200, '2025-08-01', '11:40:00', NULL, 'DISPONIBLE'),
(248, 200, '2025-08-01', '13:20:00', NULL, 'DISPONIBLE'),
(249, 200, '2025-08-01', '13:40:00', NULL, 'DISPONIBLE'),
(250, 200, '2025-08-01', '14:00:00', NULL, 'DISPONIBLE'),
(251, 200, '2025-08-01', '14:20:00', NULL, 'DISPONIBLE'),
(252, 200, '2025-08-01', '14:40:00', NULL, 'DISPONIBLE'),
(253, 200, '2025-08-01', '15:00:00', NULL, 'DISPONIBLE'),
(254, 200, '2025-08-01', '15:20:00', NULL, 'DISPONIBLE'),
(255, 200, '2025-08-01', '15:40:00', NULL, 'DISPONIBLE'),
(256, 200, '2025-08-01', '16:00:00', NULL, 'DISPONIBLE'),
(257, 200, '2025-08-01', '16:20:00', NULL, 'DISPONIBLE'),
(258, 200, '2025-08-01', '16:40:00', NULL, 'DISPONIBLE'),
(259, 201, '2025-08-04', '08:00:00', NULL, 'DISPONIBLE'),
(260, 201, '2025-08-04', '08:20:00', NULL, 'DISPONIBLE'),
(261, 201, '2025-08-04', '08:40:00', NULL, 'DISPONIBLE'),
(262, 201, '2025-08-04', '09:00:00', NULL, 'DISPONIBLE'),
(263, 201, '2025-08-04', '09:20:00', NULL, 'DISPONIBLE'),
(264, 201, '2025-08-04', '09:40:00', NULL, 'DISPONIBLE'),
(265, 201, '2025-08-04', '10:00:00', NULL, 'DISPONIBLE'),
(266, 201, '2025-08-04', '10:20:00', NULL, 'DISPONIBLE'),
(267, 201, '2025-08-04', '10:40:00', NULL, 'DISPONIBLE'),
(268, 201, '2025-08-04', '11:00:00', NULL, 'DISPONIBLE'),
(269, 201, '2025-08-04', '11:20:00', NULL, 'DISPONIBLE'),
(270, 201, '2025-08-04', '11:40:00', NULL, 'DISPONIBLE'),
(274, 201, '2025-08-04', '13:00:00', NULL, 'DISPONIBLE'),
(275, 201, '2025-08-04', '13:20:00', NULL, 'DISPONIBLE'),
(276, 201, '2025-08-04', '13:40:00', NULL, 'DISPONIBLE'),
(277, 201, '2025-08-04', '14:00:00', NULL, 'DISPONIBLE'),
(278, 201, '2025-08-04', '14:20:00', NULL, 'DISPONIBLE'),
(279, 201, '2025-08-04', '14:40:00', NULL, 'DISPONIBLE'),
(280, 201, '2025-08-04', '15:00:00', NULL, 'DISPONIBLE'),
(281, 201, '2025-08-04', '15:20:00', NULL, 'DISPONIBLE'),
(282, 201, '2025-08-04', '15:40:00', NULL, 'DISPONIBLE'),
(283, 201, '2025-08-04', '16:00:00', NULL, 'DISPONIBLE'),
(284, 201, '2025-08-04', '16:20:00', NULL, 'DISPONIBLE'),
(285, 201, '2025-08-04', '16:40:00', NULL, 'DISPONIBLE'),
(286, 201, '2025-08-05', '08:00:00', NULL, 'DISPONIBLE'),
(287, 201, '2025-08-05', '08:20:00', NULL, 'DISPONIBLE'),
(288, 201, '2025-08-05', '08:40:00', NULL, 'DISPONIBLE'),
(289, 201, '2025-08-05', '09:00:00', NULL, 'DISPONIBLE'),
(290, 201, '2025-08-05', '09:20:00', NULL, 'DISPONIBLE'),
(291, 201, '2025-08-05', '09:40:00', NULL, 'DISPONIBLE'),
(292, 201, '2025-08-05', '10:00:00', NULL, 'DISPONIBLE'),
(293, 201, '2025-08-05', '10:20:00', NULL, 'DISPONIBLE'),
(294, 201, '2025-08-05', '10:40:00', NULL, 'DISPONIBLE'),
(295, 201, '2025-08-05', '11:00:00', NULL, 'DISPONIBLE'),
(296, 201, '2025-08-05', '11:20:00', NULL, 'DISPONIBLE'),
(297, 201, '2025-08-05', '11:40:00', NULL, 'DISPONIBLE'),
(301, 201, '2025-08-05', '13:00:00', NULL, 'DISPONIBLE'),
(302, 201, '2025-08-05', '13:20:00', NULL, 'DISPONIBLE'),
(303, 201, '2025-08-05', '13:40:00', NULL, 'DISPONIBLE'),
(304, 201, '2025-08-05', '14:00:00', NULL, 'DISPONIBLE'),
(305, 201, '2025-08-05', '14:20:00', NULL, 'DISPONIBLE'),
(306, 201, '2025-08-05', '14:40:00', NULL, 'DISPONIBLE'),
(307, 201, '2025-08-05', '15:00:00', NULL, 'DISPONIBLE'),
(308, 201, '2025-08-05', '15:20:00', NULL, 'DISPONIBLE'),
(309, 201, '2025-08-05', '15:40:00', NULL, 'DISPONIBLE'),
(310, 201, '2025-08-05', '16:00:00', NULL, 'DISPONIBLE'),
(311, 201, '2025-08-05', '16:20:00', NULL, 'DISPONIBLE'),
(312, 201, '2025-08-05', '16:40:00', NULL, 'DISPONIBLE'),
(313, 201, '2025-08-06', '08:00:00', NULL, 'DISPONIBLE'),
(314, 201, '2025-08-06', '08:20:00', NULL, 'DISPONIBLE'),
(315, 201, '2025-08-06', '08:40:00', NULL, 'DISPONIBLE'),
(316, 201, '2025-08-06', '09:00:00', NULL, 'DISPONIBLE'),
(317, 201, '2025-08-06', '09:20:00', NULL, 'DISPONIBLE'),
(318, 201, '2025-08-06', '09:40:00', NULL, 'DISPONIBLE'),
(319, 201, '2025-08-06', '10:00:00', NULL, 'DISPONIBLE'),
(320, 201, '2025-08-06', '10:20:00', NULL, 'DISPONIBLE'),
(321, 201, '2025-08-06', '10:40:00', NULL, 'DISPONIBLE'),
(322, 201, '2025-08-06', '11:00:00', NULL, 'DISPONIBLE'),
(323, 201, '2025-08-06', '11:20:00', NULL, 'DISPONIBLE'),
(324, 201, '2025-08-06', '11:40:00', NULL, 'DISPONIBLE'),
(328, 201, '2025-08-06', '13:00:00', NULL, 'DISPONIBLE'),
(329, 201, '2025-08-06', '13:20:00', NULL, 'DISPONIBLE'),
(330, 201, '2025-08-06', '13:40:00', NULL, 'DISPONIBLE'),
(331, 201, '2025-08-06', '14:00:00', NULL, 'DISPONIBLE'),
(332, 201, '2025-08-06', '14:20:00', NULL, 'DISPONIBLE'),
(333, 201, '2025-08-06', '14:40:00', NULL, 'DISPONIBLE'),
(334, 201, '2025-08-06', '15:00:00', NULL, 'DISPONIBLE'),
(335, 201, '2025-08-06', '15:20:00', NULL, 'DISPONIBLE'),
(336, 201, '2025-08-06', '15:40:00', NULL, 'DISPONIBLE'),
(337, 201, '2025-08-06', '16:00:00', NULL, 'DISPONIBLE'),
(338, 201, '2025-08-06', '16:20:00', NULL, 'DISPONIBLE'),
(339, 201, '2025-08-06', '16:40:00', NULL, 'DISPONIBLE'),
(340, 201, '2025-08-01', '08:00:00', NULL, 'DISPONIBLE'),
(341, 201, '2025-08-01', '08:20:00', NULL, 'DISPONIBLE'),
(342, 201, '2025-08-01', '08:40:00', NULL, 'DISPONIBLE'),
(343, 201, '2025-08-01', '09:00:00', NULL, 'DISPONIBLE'),
(344, 201, '2025-08-01', '09:20:00', NULL, 'DISPONIBLE'),
(345, 201, '2025-08-01', '09:40:00', NULL, 'DISPONIBLE'),
(346, 201, '2025-08-01', '10:00:00', NULL, 'DISPONIBLE'),
(347, 201, '2025-08-01', '10:20:00', NULL, 'DISPONIBLE'),
(348, 201, '2025-08-01', '10:40:00', NULL, 'DISPONIBLE'),
(349, 201, '2025-08-01', '11:00:00', NULL, 'DISPONIBLE'),
(350, 201, '2025-08-01', '11:20:00', NULL, 'DISPONIBLE'),
(351, 201, '2025-08-01', '11:40:00', NULL, 'DISPONIBLE'),
(355, 201, '2025-08-01', '13:00:00', NULL, 'DISPONIBLE'),
(356, 201, '2025-08-01', '13:20:00', NULL, 'DISPONIBLE'),
(357, 201, '2025-08-01', '13:40:00', NULL, 'DISPONIBLE'),
(358, 201, '2025-08-01', '14:00:00', NULL, 'DISPONIBLE'),
(359, 201, '2025-08-01', '14:20:00', NULL, 'DISPONIBLE'),
(360, 201, '2025-08-01', '14:40:00', NULL, 'DISPONIBLE'),
(361, 201, '2025-08-01', '15:00:00', NULL, 'DISPONIBLE'),
(362, 201, '2025-08-01', '15:20:00', NULL, 'DISPONIBLE'),
(363, 201, '2025-08-01', '15:40:00', NULL, 'DISPONIBLE'),
(364, 201, '2025-08-01', '16:00:00', NULL, 'DISPONIBLE'),
(365, 201, '2025-08-01', '16:20:00', NULL, 'DISPONIBLE'),
(366, 201, '2025-08-01', '16:40:00', NULL, 'DISPONIBLE'),
(367, 202, '2025-08-04', '08:00:00', NULL, 'DISPONIBLE'),
(368, 202, '2025-08-04', '08:20:00', NULL, 'DISPONIBLE'),
(369, 202, '2025-08-04', '08:40:00', NULL, 'DISPONIBLE'),
(370, 202, '2025-08-04', '09:00:00', NULL, 'DISPONIBLE'),
(371, 202, '2025-08-04', '09:20:00', NULL, 'DISPONIBLE'),
(372, 202, '2025-08-04', '09:40:00', NULL, 'DISPONIBLE'),
(373, 202, '2025-08-04', '10:00:00', NULL, 'DISPONIBLE'),
(374, 202, '2025-08-04', '10:20:00', NULL, 'DISPONIBLE'),
(375, 202, '2025-08-04', '10:40:00', NULL, 'DISPONIBLE'),
(376, 202, '2025-08-04', '11:00:00', NULL, 'DISPONIBLE'),
(377, 202, '2025-08-04', '11:20:00', NULL, 'DISPONIBLE'),
(378, 202, '2025-08-04', '11:40:00', NULL, 'DISPONIBLE'),
(382, 202, '2025-08-04', '13:00:00', NULL, 'DISPONIBLE'),
(383, 202, '2025-08-04', '13:20:00', NULL, 'DISPONIBLE'),
(384, 202, '2025-08-04', '13:40:00', NULL, 'DISPONIBLE'),
(385, 202, '2025-08-04', '14:00:00', NULL, 'DISPONIBLE'),
(386, 202, '2025-08-04', '14:20:00', NULL, 'DISPONIBLE'),
(387, 202, '2025-08-04', '14:40:00', NULL, 'DISPONIBLE'),
(388, 202, '2025-08-04', '15:00:00', NULL, 'DISPONIBLE'),
(389, 202, '2025-08-04', '15:20:00', NULL, 'DISPONIBLE'),
(390, 202, '2025-08-04', '15:40:00', NULL, 'DISPONIBLE'),
(391, 202, '2025-08-04', '16:00:00', NULL, 'DISPONIBLE'),
(392, 202, '2025-08-04', '16:20:00', NULL, 'DISPONIBLE'),
(393, 202, '2025-08-04', '16:40:00', NULL, 'DISPONIBLE'),
(394, 202, '2025-08-05', '08:00:00', NULL, 'DISPONIBLE'),
(395, 202, '2025-08-05', '08:20:00', NULL, 'DISPONIBLE'),
(396, 202, '2025-08-05', '08:40:00', NULL, 'DISPONIBLE'),
(397, 202, '2025-08-05', '09:00:00', NULL, 'DISPONIBLE'),
(398, 202, '2025-08-05', '09:20:00', NULL, 'DISPONIBLE'),
(399, 202, '2025-08-05', '09:40:00', NULL, 'DISPONIBLE'),
(400, 202, '2025-08-05', '10:00:00', NULL, 'DISPONIBLE'),
(401, 202, '2025-08-05', '10:20:00', NULL, 'DISPONIBLE'),
(402, 202, '2025-08-05', '10:40:00', NULL, 'DISPONIBLE'),
(403, 202, '2025-08-05', '11:00:00', NULL, 'DISPONIBLE'),
(404, 202, '2025-08-05', '11:20:00', NULL, 'DISPONIBLE'),
(405, 202, '2025-08-05', '11:40:00', NULL, 'DISPONIBLE'),
(409, 202, '2025-08-05', '13:00:00', NULL, 'DISPONIBLE'),
(410, 202, '2025-08-05', '13:20:00', NULL, 'DISPONIBLE'),
(411, 202, '2025-08-05', '13:40:00', NULL, 'DISPONIBLE'),
(412, 202, '2025-08-05', '14:00:00', NULL, 'DISPONIBLE'),
(413, 202, '2025-08-05', '14:20:00', NULL, 'DISPONIBLE'),
(414, 202, '2025-08-05', '14:40:00', NULL, 'DISPONIBLE'),
(415, 202, '2025-08-05', '15:00:00', NULL, 'DISPONIBLE'),
(416, 202, '2025-08-05', '15:20:00', NULL, 'DISPONIBLE'),
(417, 202, '2025-08-05', '15:40:00', NULL, 'DISPONIBLE'),
(418, 202, '2025-08-05', '16:00:00', NULL, 'DISPONIBLE'),
(419, 202, '2025-08-05', '16:20:00', NULL, 'DISPONIBLE'),
(420, 202, '2025-08-05', '16:40:00', NULL, 'DISPONIBLE'),
(421, 202, '2025-08-06', '08:00:00', NULL, 'DISPONIBLE'),
(422, 202, '2025-08-06', '08:20:00', NULL, 'DISPONIBLE'),
(423, 202, '2025-08-06', '08:40:00', NULL, 'DISPONIBLE'),
(424, 202, '2025-08-06', '09:00:00', NULL, 'DISPONIBLE'),
(425, 202, '2025-08-06', '09:20:00', NULL, 'DISPONIBLE'),
(426, 202, '2025-08-06', '09:40:00', NULL, 'DISPONIBLE'),
(427, 202, '2025-08-06', '10:00:00', NULL, 'DISPONIBLE'),
(428, 202, '2025-08-06', '10:20:00', NULL, 'DISPONIBLE'),
(429, 202, '2025-08-06', '10:40:00', NULL, 'DISPONIBLE'),
(430, 202, '2025-08-06', '11:00:00', NULL, 'DISPONIBLE'),
(431, 202, '2025-08-06', '11:20:00', NULL, 'DISPONIBLE'),
(432, 202, '2025-08-06', '11:40:00', NULL, 'DISPONIBLE'),
(436, 202, '2025-08-06', '13:00:00', NULL, 'DISPONIBLE'),
(437, 202, '2025-08-06', '13:20:00', NULL, 'DISPONIBLE'),
(438, 202, '2025-08-06', '13:40:00', NULL, 'DISPONIBLE'),
(439, 202, '2025-08-06', '14:00:00', NULL, 'DISPONIBLE'),
(440, 202, '2025-08-06', '14:20:00', NULL, 'DISPONIBLE'),
(441, 202, '2025-08-06', '14:40:00', NULL, 'DISPONIBLE'),
(442, 202, '2025-08-06', '15:00:00', NULL, 'DISPONIBLE'),
(443, 202, '2025-08-06', '15:20:00', NULL, 'DISPONIBLE'),
(444, 202, '2025-08-06', '15:40:00', NULL, 'DISPONIBLE'),
(445, 202, '2025-08-06', '16:00:00', NULL, 'DISPONIBLE'),
(446, 202, '2025-08-06', '16:20:00', NULL, 'DISPONIBLE'),
(447, 202, '2025-08-06', '16:40:00', NULL, 'DISPONIBLE'),
(448, 202, '2025-08-01', '08:00:00', NULL, 'DISPONIBLE'),
(449, 202, '2025-08-01', '08:20:00', NULL, 'DISPONIBLE'),
(450, 202, '2025-08-01', '08:40:00', NULL, 'DISPONIBLE'),
(451, 202, '2025-08-01', '09:00:00', NULL, 'DISPONIBLE'),
(452, 202, '2025-08-01', '09:20:00', NULL, 'DISPONIBLE'),
(453, 202, '2025-08-01', '09:40:00', NULL, 'DISPONIBLE'),
(454, 202, '2025-08-01', '10:00:00', NULL, 'DISPONIBLE'),
(455, 202, '2025-08-01', '10:20:00', NULL, 'DISPONIBLE'),
(456, 202, '2025-08-01', '10:40:00', NULL, 'DISPONIBLE'),
(457, 202, '2025-08-01', '11:00:00', NULL, 'DISPONIBLE'),
(458, 202, '2025-08-01', '11:20:00', NULL, 'DISPONIBLE'),
(459, 202, '2025-08-01', '11:40:00', NULL, 'DISPONIBLE'),
(463, 202, '2025-08-01', '13:00:00', NULL, 'DISPONIBLE'),
(464, 202, '2025-08-01', '13:20:00', NULL, 'DISPONIBLE'),
(465, 202, '2025-08-01', '13:40:00', NULL, 'DISPONIBLE'),
(466, 202, '2025-08-01', '14:00:00', NULL, 'DISPONIBLE'),
(467, 202, '2025-08-01', '14:20:00', NULL, 'DISPONIBLE'),
(468, 202, '2025-08-01', '14:40:00', NULL, 'DISPONIBLE'),
(469, 202, '2025-08-01', '15:00:00', NULL, 'DISPONIBLE'),
(470, 202, '2025-08-01', '15:20:00', NULL, 'DISPONIBLE'),
(471, 202, '2025-08-01', '15:40:00', NULL, 'DISPONIBLE'),
(472, 202, '2025-08-01', '16:00:00', NULL, 'DISPONIBLE'),
(473, 202, '2025-08-01', '16:20:00', NULL, 'DISPONIBLE'),
(474, 202, '2025-08-01', '16:40:00', NULL, 'DISPONIBLE'),
(475, 300, '2025-08-04', '08:00:00', NULL, 'DISPONIBLE'),
(476, 300, '2025-08-04', '08:20:00', NULL, 'DISPONIBLE'),
(477, 300, '2025-08-04', '08:40:00', NULL, 'DISPONIBLE'),
(478, 300, '2025-08-04', '09:00:00', NULL, 'DISPONIBLE'),
(479, 300, '2025-08-04', '09:20:00', NULL, 'DISPONIBLE'),
(480, 300, '2025-08-04', '09:40:00', NULL, 'DISPONIBLE'),
(481, 300, '2025-08-04', '10:00:00', NULL, 'DISPONIBLE'),
(482, 300, '2025-08-04', '10:20:00', NULL, 'DISPONIBLE'),
(483, 300, '2025-08-04', '10:40:00', NULL, 'DISPONIBLE'),
(484, 300, '2025-08-04', '11:00:00', NULL, 'DISPONIBLE'),
(485, 300, '2025-08-04', '11:20:00', NULL, 'DISPONIBLE'),
(486, 300, '2025-08-04', '11:40:00', NULL, 'DISPONIBLE'),
(490, 300, '2025-08-04', '13:00:00', NULL, 'DISPONIBLE'),
(491, 300, '2025-08-04', '13:20:00', NULL, 'DISPONIBLE'),
(492, 300, '2025-08-04', '13:40:00', NULL, 'DISPONIBLE'),
(493, 300, '2025-08-04', '14:00:00', NULL, 'DISPONIBLE'),
(494, 300, '2025-08-04', '14:20:00', NULL, 'DISPONIBLE'),
(495, 300, '2025-08-04', '14:40:00', NULL, 'DISPONIBLE'),
(496, 300, '2025-08-04', '15:00:00', NULL, 'DISPONIBLE'),
(497, 300, '2025-08-04', '15:20:00', NULL, 'DISPONIBLE'),
(498, 300, '2025-08-04', '15:40:00', NULL, 'DISPONIBLE'),
(499, 300, '2025-08-04', '16:00:00', NULL, 'DISPONIBLE'),
(500, 300, '2025-08-04', '16:20:00', NULL, 'DISPONIBLE'),
(501, 300, '2025-08-04', '16:40:00', NULL, 'DISPONIBLE'),
(502, 300, '2025-08-05', '08:00:00', NULL, 'DISPONIBLE'),
(503, 300, '2025-08-05', '08:20:00', NULL, 'DISPONIBLE'),
(504, 300, '2025-08-05', '08:40:00', NULL, 'DISPONIBLE'),
(505, 300, '2025-08-05', '09:00:00', NULL, 'DISPONIBLE'),
(506, 300, '2025-08-05', '09:20:00', NULL, 'DISPONIBLE'),
(507, 300, '2025-08-05', '09:40:00', NULL, 'DISPONIBLE'),
(508, 300, '2025-08-05', '10:00:00', NULL, 'DISPONIBLE'),
(509, 300, '2025-08-05', '10:20:00', NULL, 'DISPONIBLE'),
(510, 300, '2025-08-05', '10:40:00', NULL, 'DISPONIBLE'),
(511, 300, '2025-08-05', '11:00:00', NULL, 'DISPONIBLE'),
(512, 300, '2025-08-05', '11:20:00', NULL, 'DISPONIBLE'),
(513, 300, '2025-08-05', '11:40:00', NULL, 'DISPONIBLE'),
(517, 300, '2025-08-05', '13:00:00', NULL, 'DISPONIBLE'),
(518, 300, '2025-08-05', '13:20:00', NULL, 'DISPONIBLE'),
(519, 300, '2025-08-05', '13:40:00', NULL, 'DISPONIBLE'),
(520, 300, '2025-08-05', '14:00:00', NULL, 'DISPONIBLE'),
(521, 300, '2025-08-05', '14:20:00', NULL, 'DISPONIBLE'),
(522, 300, '2025-08-05', '14:40:00', NULL, 'DISPONIBLE'),
(523, 300, '2025-08-05', '15:00:00', NULL, 'DISPONIBLE'),
(524, 300, '2025-08-05', '15:20:00', NULL, 'DISPONIBLE'),
(525, 300, '2025-08-05', '15:40:00', NULL, 'DISPONIBLE'),
(526, 300, '2025-08-05', '16:00:00', NULL, 'DISPONIBLE'),
(527, 300, '2025-08-05', '16:20:00', NULL, 'DISPONIBLE'),
(528, 300, '2025-08-05', '16:40:00', NULL, 'DISPONIBLE'),
(529, 300, '2025-08-06', '08:00:00', NULL, 'DISPONIBLE'),
(530, 300, '2025-08-06', '08:20:00', NULL, 'DISPONIBLE'),
(531, 300, '2025-08-06', '08:40:00', NULL, 'DISPONIBLE'),
(532, 300, '2025-08-06', '09:00:00', NULL, 'DISPONIBLE'),
(533, 300, '2025-08-06', '09:20:00', NULL, 'DISPONIBLE'),
(534, 300, '2025-08-06', '09:40:00', NULL, 'DISPONIBLE'),
(535, 300, '2025-08-06', '10:00:00', NULL, 'DISPONIBLE'),
(536, 300, '2025-08-06', '10:20:00', NULL, 'DISPONIBLE'),
(537, 300, '2025-08-06', '10:40:00', NULL, 'DISPONIBLE'),
(538, 300, '2025-08-06', '11:00:00', NULL, 'DISPONIBLE'),
(539, 300, '2025-08-06', '11:20:00', NULL, 'DISPONIBLE'),
(540, 300, '2025-08-06', '11:40:00', NULL, 'DISPONIBLE'),
(544, 300, '2025-08-06', '13:00:00', NULL, 'DISPONIBLE'),
(545, 300, '2025-08-06', '13:20:00', NULL, 'DISPONIBLE'),
(546, 300, '2025-08-06', '13:40:00', NULL, 'DISPONIBLE'),
(547, 300, '2025-08-06', '14:00:00', NULL, 'DISPONIBLE'),
(548, 300, '2025-08-06', '14:20:00', NULL, 'DISPONIBLE'),
(549, 300, '2025-08-06', '14:40:00', NULL, 'DISPONIBLE'),
(550, 300, '2025-08-06', '15:00:00', NULL, 'DISPONIBLE'),
(551, 300, '2025-08-06', '15:20:00', NULL, 'DISPONIBLE'),
(552, 300, '2025-08-06', '15:40:00', NULL, 'DISPONIBLE'),
(553, 300, '2025-08-06', '16:00:00', NULL, 'DISPONIBLE'),
(554, 300, '2025-08-06', '16:20:00', NULL, 'DISPONIBLE'),
(555, 300, '2025-08-06', '16:40:00', NULL, 'DISPONIBLE'),
(556, 300, '2025-08-01', '08:00:00', NULL, 'DISPONIBLE'),
(557, 300, '2025-08-01', '08:20:00', NULL, 'DISPONIBLE'),
(558, 300, '2025-08-01', '08:40:00', NULL, 'DISPONIBLE'),
(559, 300, '2025-08-01', '09:00:00', NULL, 'DISPONIBLE'),
(560, 300, '2025-08-01', '09:20:00', NULL, 'DISPONIBLE'),
(561, 300, '2025-08-01', '09:40:00', NULL, 'DISPONIBLE'),
(562, 300, '2025-08-01', '10:00:00', NULL, 'DISPONIBLE'),
(563, 300, '2025-08-01', '10:20:00', NULL, 'DISPONIBLE'),
(564, 300, '2025-08-01', '10:40:00', NULL, 'DISPONIBLE'),
(565, 300, '2025-08-01', '11:00:00', NULL, 'DISPONIBLE'),
(566, 300, '2025-08-01', '11:20:00', NULL, 'DISPONIBLE'),
(567, 300, '2025-08-01', '11:40:00', NULL, 'DISPONIBLE'),
(571, 300, '2025-08-01', '13:00:00', NULL, 'DISPONIBLE'),
(572, 300, '2025-08-01', '13:20:00', NULL, 'DISPONIBLE'),
(573, 300, '2025-08-01', '13:40:00', NULL, 'DISPONIBLE'),
(574, 300, '2025-08-01', '14:00:00', NULL, 'DISPONIBLE'),
(575, 300, '2025-08-01', '14:20:00', NULL, 'DISPONIBLE'),
(576, 300, '2025-08-01', '14:40:00', NULL, 'DISPONIBLE'),
(577, 300, '2025-08-01', '15:00:00', NULL, 'DISPONIBLE'),
(578, 300, '2025-08-01', '15:20:00', NULL, 'DISPONIBLE'),
(579, 300, '2025-08-01', '15:40:00', NULL, 'DISPONIBLE'),
(580, 300, '2025-08-01', '16:00:00', NULL, 'DISPONIBLE'),
(581, 300, '2025-08-01', '16:20:00', NULL, 'DISPONIBLE'),
(582, 300, '2025-08-01', '16:40:00', NULL, 'DISPONIBLE'),
(583, 400, '2025-08-04', '09:00:00', NULL, 'DISPONIBLE'),
(584, 400, '2025-08-04', '09:20:00', NULL, 'DISPONIBLE'),
(585, 400, '2025-08-04', '09:40:00', NULL, 'DISPONIBLE'),
(586, 400, '2025-08-04', '10:00:00', NULL, 'DISPONIBLE'),
(587, 400, '2025-08-04', '10:20:00', NULL, 'DISPONIBLE'),
(588, 400, '2025-08-04', '10:40:00', NULL, 'DISPONIBLE'),
(589, 400, '2025-08-04', '11:00:00', NULL, 'DISPONIBLE'),
(590, 400, '2025-08-04', '11:20:00', NULL, 'DISPONIBLE'),
(592, 400, '2025-08-04', '12:00:00', NULL, 'DISPONIBLE'),
(593, 400, '2025-08-04', '12:20:00', NULL, 'DISPONIBLE'),
(594, 400, '2025-08-04', '12:40:00', NULL, 'DISPONIBLE'),
(595, 400, '2025-08-04', '13:00:00', NULL, 'DISPONIBLE'),
(596, 400, '2025-08-04', '13:20:00', NULL, 'DISPONIBLE'),
(597, 400, '2025-08-04', '13:40:00', NULL, 'DISPONIBLE'),
(598, 400, '2025-08-04', '14:00:00', NULL, 'DISPONIBLE'),
(599, 400, '2025-08-04', '14:20:00', NULL, 'DISPONIBLE'),
(601, 400, '2025-08-04', '15:00:00', NULL, 'DISPONIBLE'),
(602, 400, '2025-08-04', '15:20:00', NULL, 'DISPONIBLE'),
(603, 400, '2025-08-04', '15:40:00', NULL, 'DISPONIBLE'),
(604, 400, '2025-08-04', '16:00:00', NULL, 'DISPONIBLE'),
(605, 400, '2025-08-04', '16:20:00', NULL, 'DISPONIBLE'),
(606, 400, '2025-08-04', '16:40:00', NULL, 'DISPONIBLE'),
(607, 400, '2025-08-05', '09:00:00', NULL, 'DISPONIBLE'),
(608, 400, '2025-08-05', '09:20:00', NULL, 'DISPONIBLE'),
(609, 400, '2025-08-05', '09:40:00', NULL, 'DISPONIBLE'),
(610, 400, '2025-08-05', '10:00:00', NULL, 'DISPONIBLE'),
(611, 400, '2025-08-05', '10:20:00', NULL, 'DISPONIBLE'),
(612, 400, '2025-08-05', '10:40:00', NULL, 'DISPONIBLE'),
(613, 400, '2025-08-05', '11:00:00', NULL, 'DISPONIBLE'),
(614, 400, '2025-08-05', '11:20:00', NULL, 'DISPONIBLE'),
(616, 400, '2025-08-05', '12:00:00', NULL, 'DISPONIBLE'),
(617, 400, '2025-08-05', '12:20:00', NULL, 'DISPONIBLE'),
(618, 400, '2025-08-05', '12:40:00', NULL, 'DISPONIBLE'),
(619, 400, '2025-08-05', '13:00:00', NULL, 'DISPONIBLE'),
(620, 400, '2025-08-05', '13:20:00', NULL, 'DISPONIBLE'),
(621, 400, '2025-08-05', '13:40:00', NULL, 'DISPONIBLE'),
(622, 400, '2025-08-05', '14:00:00', NULL, 'DISPONIBLE'),
(623, 400, '2025-08-05', '14:20:00', NULL, 'DISPONIBLE'),
(625, 400, '2025-08-05', '15:00:00', NULL, 'DISPONIBLE'),
(626, 400, '2025-08-05', '15:20:00', NULL, 'DISPONIBLE'),
(627, 400, '2025-08-05', '15:40:00', NULL, 'DISPONIBLE'),
(628, 400, '2025-08-05', '16:00:00', NULL, 'DISPONIBLE'),
(629, 400, '2025-08-05', '16:20:00', NULL, 'DISPONIBLE'),
(630, 400, '2025-08-05', '16:40:00', NULL, 'DISPONIBLE'),
(631, 400, '2025-08-06', '09:00:00', NULL, 'DISPONIBLE'),
(632, 400, '2025-08-06', '09:20:00', NULL, 'DISPONIBLE'),
(633, 400, '2025-08-06', '09:40:00', NULL, 'DISPONIBLE'),
(634, 400, '2025-08-06', '10:00:00', NULL, 'DISPONIBLE'),
(635, 400, '2025-08-06', '10:20:00', NULL, 'DISPONIBLE'),
(636, 400, '2025-08-06', '10:40:00', NULL, 'DISPONIBLE'),
(637, 400, '2025-08-06', '11:00:00', NULL, 'DISPONIBLE'),
(638, 400, '2025-08-06', '11:20:00', NULL, 'DISPONIBLE'),
(640, 400, '2025-08-06', '12:00:00', NULL, 'DISPONIBLE'),
(641, 400, '2025-08-06', '12:20:00', NULL, 'DISPONIBLE'),
(642, 400, '2025-08-06', '12:40:00', NULL, 'DISPONIBLE'),
(643, 400, '2025-08-06', '13:00:00', NULL, 'DISPONIBLE'),
(644, 400, '2025-08-06', '13:20:00', NULL, 'DISPONIBLE'),
(645, 400, '2025-08-06', '13:40:00', NULL, 'DISPONIBLE'),
(646, 400, '2025-08-06', '14:00:00', NULL, 'DISPONIBLE'),
(647, 400, '2025-08-06', '14:20:00', NULL, 'DISPONIBLE'),
(649, 400, '2025-08-06', '15:00:00', NULL, 'DISPONIBLE'),
(650, 400, '2025-08-06', '15:20:00', NULL, 'DISPONIBLE'),
(651, 400, '2025-08-06', '15:40:00', NULL, 'DISPONIBLE'),
(652, 400, '2025-08-06', '16:00:00', NULL, 'DISPONIBLE'),
(653, 400, '2025-08-06', '16:20:00', NULL, 'DISPONIBLE'),
(654, 400, '2025-08-06', '16:40:00', NULL, 'DISPONIBLE'),
(655, 400, '2025-08-01', '09:00:00', NULL, 'DISPONIBLE'),
(656, 400, '2025-08-01', '09:20:00', NULL, 'DISPONIBLE'),
(657, 400, '2025-08-01', '09:40:00', NULL, 'DISPONIBLE'),
(658, 400, '2025-08-01', '10:00:00', NULL, 'DISPONIBLE'),
(659, 400, '2025-08-01', '10:20:00', NULL, 'DISPONIBLE'),
(660, 400, '2025-08-01', '10:40:00', NULL, 'DISPONIBLE'),
(661, 400, '2025-08-01', '11:00:00', NULL, 'DISPONIBLE'),
(662, 400, '2025-08-01', '11:20:00', NULL, 'DISPONIBLE'),
(664, 400, '2025-08-01', '12:00:00', NULL, 'DISPONIBLE'),
(665, 400, '2025-08-01', '12:20:00', NULL, 'DISPONIBLE'),
(666, 400, '2025-08-01', '12:40:00', NULL, 'DISPONIBLE'),
(667, 400, '2025-08-01', '13:00:00', NULL, 'DISPONIBLE'),
(668, 400, '2025-08-01', '13:20:00', NULL, 'DISPONIBLE'),
(669, 400, '2025-08-01', '13:40:00', NULL, 'DISPONIBLE'),
(670, 400, '2025-08-01', '14:00:00', NULL, 'DISPONIBLE'),
(671, 400, '2025-08-01', '14:20:00', NULL, 'DISPONIBLE'),
(673, 400, '2025-08-01', '15:00:00', NULL, 'DISPONIBLE'),
(674, 400, '2025-08-01', '15:20:00', NULL, 'DISPONIBLE'),
(675, 400, '2025-08-01', '15:40:00', NULL, 'DISPONIBLE'),
(676, 400, '2025-08-01', '16:00:00', NULL, 'DISPONIBLE'),
(677, 400, '2025-08-01', '16:20:00', NULL, 'DISPONIBLE'),
(678, 400, '2025-08-01', '16:40:00', NULL, 'DISPONIBLE');


INSERT INTO ServiceEmploye (ID_SERVICE, CODE_EMPLOYE) VALUES
(5, 100),
(1, 101),
(2, 101),
(3, 101),
(4, 101),
(3, 102),
(4, 102),
(6, 102),
(6, 200),
(7, 200),
(2, 201),
(4, 201),
(5, 201),
(1, 202),
(3, 202),
(4, 202),
(7, 202);



INSERT INTO JourTravail (CODE_EMPLOYE, JOUR_SEMAINE) VALUES
(100, 1),
(100, 2),
(100, 4),
(100, 5),
(101, 1),
(101, 3),
(101, 5),
(102, 2),
(102, 3),
(102, 4),
(200, 1),
(200, 2),
(200, 3),
(200, 4),
(200, 5),
(201, 1),
(201, 2),
(201, 3),
(201, 4),
(201, 5),
(202, 1),
(202, 2),
(202, 3),
(202, 4),
(202, 5),
(300, 1),
(300, 2),
(300, 3),
(300, 4),
(300, 5),
(400, 1),
(400, 2),
(400, 3),
(400, 4),
(400, 5);
